{"cameraMode":{"drawMode":0,"name":"Shaded","section":"Shading Mode"},"sceneLighting":false,"audioPlay":false,"sceneViewState":{"showFog":false,"showMaterialUpdate":false,"showSkybox":false,"showFlares":false,"showImageEffects":false,"showParticleSystems":false},"in2DMode":false,"pivot":{"x":0.3955078125,"y":1.081787109375,"z":0.150390625},"rotation":{"x":-0.0029988831374794246,"y":0.024599187076091768,"z":0.00006819256668677554,"w":0.9996929168701172},"size":4.256839752197266,"orthographic":true}