{"cameraMode":{"drawMode":0,"name":"Shaded","section":"Shading Mode"},"sceneLighting":false,"audioPlay":false,"sceneViewState":{"showFog":false,"showMaterialUpdate":false,"showSkybox":false,"showFlares":false,"showImageEffects":false,"showParticleSystems":false},"in2DMode":false,"pivot":{"x":5.41019868850708,"y":1.0177510976791382,"z":6.304626941680908},"rotation":{"x":0.0203730296343565,"y":-0.9794462323188782,"z":0.15103521943092347,"w":0.13213026523590089},"size":3.887254238128662,"orthographic":false}