{"cameraMode":{"drawMode":0,"name":"Shaded","section":"Shading Mode"},"sceneLighting":false,"audioPlay":false,"sceneViewState":{"showFog":false,"showMaterialUpdate":false,"showSkybox":false,"showFlares":false,"showImageEffects":false,"showParticleSystems":false},"in2DMode":false,"pivot":{"x":3.5605554580688478,"y":1.762518048286438,"z":-5.078065395355225},"rotation":{"x":-0.11820241063833237,"y":-0.21941682696342469,"z":0.026798032224178315,"w":-0.9680735468864441},"size":1.4766504764556885,"orthographic":false}