{"cameraMode":{"drawMode":0,"name":"Shaded","section":"Shading Mode"},"sceneLighting":false,"audioPlay":false,"sceneViewState":{"showFog":false,"showMaterialUpdate":false,"showSkybox":false,"showFlares":false,"showImageEffects":false,"showParticleSystems":false},"in2DMode":false,"pivot":{"x":1.4530774354934693,"y":1.499962568283081,"z":1.5469225645065308},"rotation":{"x":-0.2215019315481186,"y":-0.6588917374610901,"z":0.21251584589481355,"w":-0.6867573261260986},"size":8.753666877746582,"orthographic":false}