{"cameraMode":{"drawMode":0,"name":"Shaded","section":"Shading Mode"},"sceneLighting":false,"audioPlay":false,"sceneViewState":{"showFog":false,"showMaterialUpdate":false,"showSkybox":false,"showFlares":false,"showImageEffects":false,"showParticleSystems":false},"in2DMode":false,"pivot":{"x":3.3862950801849367,"y":1.7625179290771485,"z":-6.422703266143799},"rotation":{"x":-0.06640581041574478,"y":-0.7954296469688416,"z":0.08866188675165177,"w":-0.5958365201950073},"size":1.979115605354309,"orthographic":false}