{"cameraMode":{"drawMode":0,"name":"Shaded","section":"Shading Mode"},"sceneLighting":false,"audioPlay":false,"sceneViewState":{"showFog":false,"showMaterialUpdate":false,"showSkybox":false,"showFlares":false,"showImageEffects":false,"showParticleSystems":false},"in2DMode":false,"pivot":{"x":0.0000011920928955078126,"y":1.5,"z":-1.4218759536743165},"rotation":{"x":-0.2215019315481186,"y":-0.6588917374610901,"z":0.21251584589481355,"w":-0.6867573261260986},"size":12.232494354248047,"orthographic":false}