{"cameraMode":{"drawMode":0,"name":"Shaded","section":"Shading Mode"},"sceneLighting":false,"audioPlay":false,"sceneViewState":{"showFog":false,"showMaterialUpdate":false,"showSkybox":false,"showFlares":false,"showImageEffects":false,"showParticleSystems":false},"in2DMode":false,"pivot":{"x":3.4376296997070314,"y":0.497474730014801,"z":-6.23819637298584},"rotation":{"x":-0.18922467529773713,"y":-0.7359030246734619,"z":0.22885699570178986,"w":-0.6084942817687988},"size":2.6400604248046877,"orthographic":false}