{"cameraMode":{"drawMode":0,"name":"Shaded","section":"Shading Mode"},"sceneLighting":false,"audioPlay":false,"sceneViewState":{"showFog":false,"showMaterialUpdate":false,"showSkybox":false,"showFlares":false,"showImageEffects":false,"showParticleSystems":false},"in2DMode":false,"pivot":{"x":0.015612423419952393,"y":0.2421875,"z":-0.007762491703033447},"rotation":{"x":0.006153787486255169,"y":-0.676982581615448,"z":-0.005730374716222286,"w":-0.7359511256217957},"size":1.221951961517334,"orthographic":false}