{"cameraMode":{"drawMode":0,"name":"Shaded","section":"Shading Mode"},"sceneLighting":false,"audioPlay":false,"sceneViewState":{"showFog":false,"showMaterialUpdate":false,"showSkybox":false,"showFlares":false,"showImageEffects":false,"showParticleSystems":false},"in2DMode":false,"pivot":{"x":3.4376277923583986,"y":0.4278605580329895,"z":-5.076932907104492},"rotation":{"x":-0.09267030656337738,"y":-0.6165434718132019,"z":0.07341008633375168,"w":-0.7783941030502319},"size":1.6413967609405518,"orthographic":false}