{"cameraMode":{"drawMode":0,"name":"Shaded","section":"Shading Mode"},"sceneLighting":false,"audioPlay":false,"sceneViewState":{"showFog":false,"showMaterialUpdate":false,"showSkybox":false,"showFlares":false,"showImageEffects":false,"showParticleSystems":false},"in2DMode":false,"pivot":{"x":3.4376258850097658,"y":0.42786040902137759,"z":-3.9956271648406984},"rotation":{"x":-0.05499398335814476,"y":-0.577588677406311,"z":0.03905261680483818,"w":-0.8135366439819336},"size":2.4338254928588869,"orthographic":false}