{"cameraMode":{"drawMode":0,"name":"Shaded","section":"Shading Mode"},"sceneLighting":false,"audioPlay":false,"sceneViewState":{"showFog":false,"showMaterialUpdate":false,"showSkybox":false,"showFlares":false,"showImageEffects":false,"showParticleSystems":false},"in2DMode":false,"pivot":{"x":0.0,"y":0.27363935112953188,"z":0.009054422378540039},"rotation":{"x":0.10619211196899414,"y":-0.0447501502931118,"z":0.004777278285473585,"w":0.9933266639709473},"size":5.076604843139648,"orthographic":false}