{"cameraMode":{"drawMode":0,"name":"Shaded","section":"Shading Mode"},"sceneLighting":false,"audioPlay":false,"sceneViewState":{"showFog":false,"showMaterialUpdate":false,"showSkybox":false,"showFlares":false,"showImageEffects":false,"showParticleSystems":false},"in2DMode":false,"pivot":{"x":0.01171875,"y":0.345112681388855,"z":0.039062440395355228},"rotation":{"x":-0.036806248128414157,"y":-0.9543679356575012,"z":0.1325477659702301,"w":-0.26506274938583376},"size":1.6441349983215333,"orthographic":false}