{"cameraMode":{"drawMode":0,"name":"Shaded","section":"Shading Mode"},"sceneLighting":false,"audioPlay":false,"sceneViewState":{"showFog":false,"showMaterialUpdate":false,"showSkybox":false,"showFlares":false,"showImageEffects":false,"showParticleSystems":false},"in2DMode":false,"pivot":{"x":0.3772536516189575,"y":0.6724804639816284,"z":21.016345977783204},"rotation":{"x":-0.006056733429431915,"y":0.8625584840774536,"z":-0.010357687249779702,"w":-0.5058151483535767},"size":3.662921905517578,"orthographic":false}