{"cameraMode":{"drawMode":0,"name":"Shaded","section":"Shading Mode"},"sceneLighting":false,"audioPlay":false,"sceneViewState":{"showFog":false,"showMaterialUpdate":false,"showSkybox":false,"showFlares":false,"showImageEffects":false,"showParticleSystems":false},"in2DMode":false,"pivot":{"x":3.4376254081726076,"y":0.42786040902137759,"z":-2.6184844970703127},"rotation":{"x":-0.08679933845996857,"y":-0.5573289394378662,"z":0.058741651475429538,"w":-0.8236503601074219},"size":2.4338252544403078,"orthographic":false}