{"cameraMode":{"drawMode":0,"name":"Shaded","section":"Shading Mode"},"sceneLighting":false,"audioPlay":false,"sceneViewState":{"showFog":false,"showMaterialUpdate":false,"showSkybox":false,"showFlares":false,"showImageEffects":false,"showParticleSystems":false},"in2DMode":false,"pivot":{"x":0.5943872928619385,"y":1.008884072303772,"z":6.3371758460998539},"rotation":{"x":0.021052556112408639,"y":-0.9788417220115662,"z":0.15094196796417237,"w":0.13653653860092164},"size":2.2989954948425295,"orthographic":false}