{"cameraMode":{"drawMode":0,"name":"Shaded","section":"Shading Mode"},"sceneLighting":false,"audioPlay":false,"sceneViewState":{"showFog":false,"showMaterialUpdate":false,"showSkybox":false,"showFlares":false,"showImageEffects":false,"showParticleSystems":false},"in2DMode":false,"pivot":{"x":3.560551643371582,"y":1.7625184059143067,"z":-3.9967594146728517},"rotation":{"x":0.022867588326334955,"y":-0.687411367893219,"z":-0.0216552522033453,"w":-0.7255851030349731},"size":2.08270001411438,"orthographic":false}