{"cameraMode":{"drawMode":0,"name":"Shaded","section":"Shading Mode"},"sceneLighting":false,"audioPlay":false,"sceneViewState":{"showFog":false,"showMaterialUpdate":false,"showSkybox":false,"showFlares":false,"showImageEffects":false,"showParticleSystems":false},"in2DMode":false,"pivot":{"x":5.7519965171813969,"y":1.4559999704360963,"z":24.99699592590332},"rotation":{"x":-0.017924821004271508,"y":0.9810758233070374,"z":-0.11233104765415192,"w":-0.1566869169473648},"size":10.553682327270508,"orthographic":false}