{"cameraMode":{"drawMode":0,"name":"Shaded","section":"Shading Mode"},"sceneLighting":false,"audioPlay":false,"sceneViewState":{"showFog":false,"showMaterialUpdate":false,"showSkybox":false,"showFlares":false,"showImageEffects":false,"showParticleSystems":false},"in2DMode":false,"pivot":{"x":3.3861207962036135,"y":1.7625179290771485,"z":-7.391499042510986},"rotation":{"x":-0.08679933845996857,"y":-0.5573289394378662,"z":0.058741651475429538,"w":-0.8236503601074219},"size":1.9791182279586793,"orthographic":false}