{"cameraMode":{"drawMode":0,"name":"Shaded","section":"Shading Mode"},"sceneLighting":false,"audioPlay":false,"sceneViewState":{"showFog":false,"showMaterialUpdate":false,"showSkybox":false,"showFlares":false,"showImageEffects":false,"showParticleSystems":false},"in2DMode":false,"pivot":{"x":3.5605521202087404,"y":1.7625181674957276,"z":-2.619617462158203},"rotation":{"x":0.022867588326334955,"y":-0.687411367893219,"z":-0.0216552522033453,"w":-0.7255851030349731},"size":2.082698106765747,"orthographic":false}