{"cameraMode":{"drawMode":0,"name":"Shaded","section":"Shading Mode"},"sceneLighting":false,"audioPlay":false,"sceneViewState":{"showFog":false,"showMaterialUpdate":false,"showSkybox":false,"showFlares":false,"showImageEffects":false,"showParticleSystems":false},"in2DMode":false,"pivot":{"x":3.205460786819458,"y":1.000241756439209,"z":6.3229899406433109},"rotation":{"x":0.014996204525232315,"y":0.018293971195816995,"z":-0.0002726225648075342,"w":0.9997201561927795},"size":4.922177314758301,"orthographic":false}