{"cameraMode":{"drawMode":0,"name":"Shaded","section":"Shading Mode"},"sceneLighting":false,"audioPlay":false,"sceneViewState":{"showFog":false,"showMaterialUpdate":false,"showSkybox":false,"showFlares":false,"showImageEffects":false,"showParticleSystems":false},"in2DMode":false,"pivot":{"x":3.4376296997070314,"y":0.49747470021247866,"z":-7.599367141723633},"rotation":{"x":-0.20996761322021485,"y":-0.5992852449417114,"z":0.1668315827846527,"w":-0.7542797923088074},"size":2.6400599479675295,"orthographic":false}